title,company,link,scraped_at
,,https://www.jobsearch.az,2025-05-05 23:44:38
,,https://www.jobsearch.az,2025-05-05 23:44:38
,,https://www.jobsearch.az,2025-05-05 23:44:38
,,https://www.jobsearch.az,2025-05-05 23:44:38
,,https://www.jobsearch.az,2025-05-05 23:44:38
,,https://www.jobsearch.az,2025-05-05 23:44:38
,,https://www.jobsearch.az,2025-05-05 23:44:38
,,https://www.jobsearch.az,2025-05-05 23:44:38
,,https://www.jobsearch.az,2025-05-05 23:44:38
,,https://www.jobsearch.az,2025-05-05 23:44:38
,,https://www.jobsearch.az,2025-05-05 23:44:38
,,https://www.jobsearch.az,2025-05-05 23:44:38
,,https://www.jobsearch.az,2025-05-05 23:44:38
,,https://www.jobsearch.az,2025-05-05 23:44:38
