Job Title,Job Link,Scraped Date
No Title,https://www.jobsearch.az/vacancies/prime-accessories-magazalar-sebekesi-satis-meslehetcisi-107137,2025-05-05T20:03:42.813Z
Satış məsləhətçisi,https://www.jobsearch.az/vacancies/prime-accessories-magazalar-sebekesi-satis-meslehetcisi-107137,2025-05-05T20:03:42.813Z
No Title,https://www.jobsearch.az/vacancies/heyder-eliyev-adina-muasir-tehsil-kompleksi-temporary-secondary-music-teacher-full-time-107213,2025-05-05T20:03:42.813Z
Temporary Secondary Music Teacher (Full-Time),https://www.jobsearch.az/vacancies/heyder-eliyev-adina-muasir-tehsil-kompleksi-temporary-secondary-music-teacher-full-time-107213,2025-05-05T20:03:42.813Z
No Title,https://www.jobsearch.az/vacancies/elit-eo-chief-accountant-107190,2025-05-05T20:03:42.813Z
Chief Accountant,https://www.jobsearch.az/vacancies/elit-eo-chief-accountant-107190,2025-05-05T20:03:42.813Z
No Title,https://www.jobsearch.az/vacancies/elit-eo-anbardar-ukrayna-dairesi-filliali-107191,2025-05-05T20:03:42.813Z
Anbardar (Ukrayna dairəsi fillialı),https://www.jobsearch.az/vacancies/elit-eo-anbardar-ukrayna-dairesi-filliali-107191,2025-05-05T20:03:42.813Z
No Title,https://www.jobsearch.az/vacancies/elit-eo-anbardar-sirvan-filliali-107195,2025-05-05T20:03:42.813Z
Anbardar (Şirvan fillialı),https://www.jobsearch.az/vacancies/elit-eo-anbardar-sirvan-filliali-107195,2025-05-05T20:03:42.813Z
No Title,https://www.jobsearch.az/vacancies/paulaner-brauhaus-baku-marketinq-uzre-mutexessis-107189,2025-05-05T20:03:42.813Z
Marketinq Üzrə Mütəxəssis,https://www.jobsearch.az/vacancies/paulaner-brauhaus-baku-marketinq-uzre-mutexessis-107189,2025-05-05T20:03:42.813Z
No Title,https://www.jobsearch.az/vacancies/frazex-menedzer-po-prodazam-b2b-107161,2025-05-05T20:03:42.813Z
Менеджер по продажам B2B,https://www.jobsearch.az/vacancies/frazex-menedzer-po-prodazam-b2b-107161,2025-05-05T20:03:42.813Z
No Title,https://www.jobsearch.az/vacancies/afb-bank-qiymetlendirme-uzre-mutexessis-107228,2025-05-05T20:03:42.813Z
Qiymətləndirmə üzrə mütəxəssis,https://www.jobsearch.az/vacancies/afb-bank-qiymetlendirme-uzre-mutexessis-107228,2025-05-05T20:03:42.813Z
No Title,https://www.jobsearch.az/vacancies/ideovate-consulting-insan-resurslari-uzre-kicik-mutexessis-107159,2025-05-05T20:03:42.813Z
İnsan resursları üzrə kiçik mütəxəssis,https://www.jobsearch.az/vacancies/ideovate-consulting-insan-resurslari-uzre-kicik-mutexessis-107159,2025-05-05T20:03:42.813Z
No Title,https://www.jobsearch.az/vacancies/fortis-group-elektrik-montyoru-107200,2025-05-05T20:03:42.813Z
Elektrik montyoru,https://www.jobsearch.az/vacancies/fortis-group-elektrik-montyoru-107200,2025-05-05T20:03:42.813Z
No Title,https://www.jobsearch.az/vacancies/crystal-group-texniki-sobe-muhendisi-107197,2025-05-05T20:03:42.813Z
Texniki Şöbə Mühəndisi,https://www.jobsearch.az/vacancies/crystal-group-texniki-sobe-muhendisi-107197,2025-05-05T20:03:42.813Z
No Title,https://www.jobsearch.az/vacancies/afb-bank-teserrufat-ve-neqliyyat-uzre-aparici-mutexessis-107230,2025-05-05T20:03:42.813Z
Təsərrüfat və nəqliyyat üzrə aparıcı mütəxəssis,https://www.jobsearch.az/vacancies/afb-bank-teserrufat-ve-neqliyyat-uzre-aparici-mutexessis-107230,2025-05-05T20:03:42.813Z
No Title,https://www.jobsearch.az/vacancies/ram-holding-ehtiyyat-hisseleri-uzre-assistent-107120,2025-05-05T20:03:42.813Z
Ehtiyyat Hissələri üzrə Assistent,https://www.jobsearch.az/vacancies/ram-holding-ehtiyyat-hisseleri-uzre-assistent-107120,2025-05-05T20:03:42.813Z
No Title,https://www.jobsearch.az/vacancies/azerconnect-cash-management-and-financing-senior-specialist-negd-vesaitler-ve-maliyyelesme-uzre-aparici-mutexessis-107210,2025-05-05T20:03:42.813Z
Cash Management and Financing Senior Specialist/ Nəğd Vəsaitlər və Maliyyələşmə üzrə aparıcı Mütəxəssis,https://www.jobsearch.az/vacancies/azerconnect-cash-management-and-financing-senior-specialist-negd-vesaitler-ve-maliyyelesme-uzre-aparici-mutexessis-107210,2025-05-05T20:03:42.813Z
No Title,https://www.jobsearch.az/vacancies/caspian-innovation-center-deep-learning-specialist-107140,2025-05-05T20:03:42.813Z
Deep Learning Specialist,https://www.jobsearch.az/vacancies/caspian-innovation-center-deep-learning-specialist-107140,2025-05-05T20:03:42.813Z
No Title,https://www.jobsearch.az/vacancies/zeytun-pharmaceuticals-innovativ-layiheler-uzre-rehber-107192,2025-05-05T20:03:42.813Z
İnnovativ Layihələr üzrə Rəhbər,https://www.jobsearch.az/vacancies/zeytun-pharmaceuticals-innovativ-layiheler-uzre-rehber-107192,2025-05-05T20:03:42.813Z
No Title,https://www.jobsearch.az/vacancies/prime-cotton-setem-uzre-admin-hse-admin-107220,2025-05-05T20:03:42.813Z
SƏTƏM üzrə admin (HSE Admin),https://www.jobsearch.az/vacancies/prime-cotton-setem-uzre-admin-hse-admin-107220,2025-05-05T20:03:42.813Z
No Title,https://www.jobsearch.az/vacancies/akabe-insaat-muhasib-operator-107223,2025-05-05T20:03:42.813Z
Mühasib operator,https://www.jobsearch.az/vacancies/akabe-insaat-muhasib-operator-107223,2025-05-05T20:03:42.813Z
No Title,https://www.jobsearch.az/vacancies/xirman-fehle-operator-107144,2025-05-05T20:03:42.813Z
Fəhlə-operator,https://www.jobsearch.az/vacancies/xirman-fehle-operator-107144,2025-05-05T20:03:42.813Z
No Title,https://www.jobsearch.az/vacancies/bsc-group-huquq-departamentinin-rehberi-107146,2025-05-05T20:03:42.813Z
Hüquq Departamentinin Rəhbəri,https://www.jobsearch.az/vacancies/bsc-group-huquq-departamentinin-rehberi-107146,2025-05-05T20:03:42.813Z
No Title,https://www.jobsearch.az/vacancies/baku-service-company-digital-marketinq-meneceri-107116,2025-05-05T20:03:42.813Z
Digital Marketinq Meneceri,https://www.jobsearch.az/vacancies/baku-service-company-digital-marketinq-meneceri-107116,2025-05-05T20:03:42.813Z
No Title,https://www.jobsearch.az/vacancies/oven-food-bakery-telim-ve-inkisaf-uzre-apariici-mutexessis-107112,2025-05-05T20:03:42.813Z
Təlim və inkişaf üzrə aparııcı mütəxəssis,https://www.jobsearch.az/vacancies/oven-food-bakery-telim-ve-inkisaf-uzre-apariici-mutexessis-107112,2025-05-05T20:03:42.813Z
No Title,https://www.jobsearch.az/vacancies/carlsberg-azerbaijan-kontroler-departamenta-bezopasnosti-107208,2025-05-05T20:03:42.813Z
Контролер департамента безопасности,https://www.jobsearch.az/vacancies/carlsberg-azerbaijan-kontroler-departamenta-bezopasnosti-107208,2025-05-05T20:03:42.813Z
No Title,https://www.jobsearch.az/vacancies/azerbaycan-mikro-kredit-bokt-kredit-iscisi-lenkeran-107222,2025-05-05T20:03:42.813Z
Kredit İşçisi (Lənkəran),https://www.jobsearch.az/vacancies/azerbaycan-mikro-kredit-bokt-kredit-iscisi-lenkeran-107222,2025-05-05T20:03:42.813Z
No Title,https://www.jobsearch.az/vacancies/bestcomp-group-cisco-cx-manager-107153,2025-05-05T20:03:42.813Z
Cisco CX manager,https://www.jobsearch.az/vacancies/bestcomp-group-cisco-cx-manager-107153,2025-05-05T20:03:42.813Z
No Title,https://www.jobsearch.az/vacancies/fire-universal-group-fug-ofis-meneceri-107152,2025-05-05T20:03:42.813Z
Ofis Meneceri,https://www.jobsearch.az/vacancies/fire-universal-group-fug-ofis-meneceri-107152,2025-05-05T20:03:42.813Z
No Title,https://www.jobsearch.az/vacancies/avro-asiya-insaat-korporasiyasi-evrascon-asc-su-techizati-uzre-mutexessis-107203,2025-05-05T20:03:42.813Z
Su təchizatı üzrə mütəxəssis,https://www.jobsearch.az/vacancies/avro-asiya-insaat-korporasiyasi-evrascon-asc-su-techizati-uzre-mutexessis-107203,2025-05-05T20:03:42.813Z
No Title,https://www.jobsearch.az/vacancies/pasha-bank-strateji-idareetme-ve-arasdirma-sobesinin-mutexessisi-107218,2025-05-05T20:03:42.813Z
Strateji idarəetmə və araşdırma şöbəsinin Mütəxəssisi,https://www.jobsearch.az/vacancies/pasha-bank-strateji-idareetme-ve-arasdirma-sobesinin-mutexessisi-107218,2025-05-05T20:03:42.813Z
No Title,https://www.jobsearch.az/vacancies/oven-food-bakery-bas-direktorun-komekcisi-107113,2025-05-05T20:03:42.813Z
Baş direktorun köməkçisi,https://www.jobsearch.az/vacancies/oven-food-bakery-bas-direktorun-komekcisi-107113,2025-05-05T20:03:42.813Z
No Title,https://www.jobsearch.az/vacancies/unibank-merdekan-filiali-umumi-isler-uzre-mutexessis-107234,2025-05-05T20:03:42.813Z
Mərdəkan filialı - Ümumi işlər üzrə Mütəxəssis,https://www.jobsearch.az/vacancies/unibank-merdekan-filiali-umumi-isler-uzre-mutexessis-107234,2025-05-05T20:03:42.813Z
