Job Title,Job Link,Posted Date
Anbardar (Ukrayna dairəsi fillialı),https://www.jobsearch.az/vacancies/elit-eo-anbardar-ukrayna-dairesi-filliali-107191,unknown
Satış məsləhətçisi,https://www.jobsearch.az/vacancies/prime-accessories-magazalar-sebekesi-satis-meslehetcisi-107137,unknown
Anbardar (Şirvan fillialı),https://www.jobsearch.az/vacancies/elit-eo-anbardar-sirvan-filliali-107195,unknown
Temporary Secondary Music Teacher (Full-Time),https://www.jobsearch.az/vacancies/heyder-eliyev-adina-muasir-tehsil-kompleksi-temporary-secondary-music-teacher-full-time-107213,unknown
Chief Accountant,https://www.jobsearch.az/vacancies/elit-eo-chief-accountant-107190,unknown
Hüquqşünas,https://www.jobsearch.az/vacancies/inci-group-of-companies-huquqsunas-107219,unknown
Data Analyst,https://www.jobsearch.az/vacancies/umico-competo-mmc-data-analyst-107166,unknown
Maliyyə Nəzarəti üzrə mütəxəssis,https://www.jobsearch.az/vacancies/veyseloglu-rossmann-maliyye-nezareti-uzre-mutexessis-107162,unknown
Sosial media mütəxəssisi,https://www.jobsearch.az/vacancies/antaris-sosial-media-mutexessisi-107215,unknown
Baş energetik,https://www.jobsearch.az/vacancies/veyseloglu-sirketler-qrupu-bas-energetik-107184,unknown
Satış təmsilçisi,https://www.jobsearch.az/vacancies/novco-group-of-companies-satis-temsilcisi-107117,unknown
Data Quality Engineer,https://www.jobsearch.az/vacancies/umico-competo-mmc-data-quality-engineer-107171,unknown
Xadimə,https://www.jobsearch.az/vacancies/bank-respublika-asc-xadime-107135,unknown
Mərdəkan filialı - Ümumi işlər üzrə Mütəxəssis,https://www.jobsearch.az/vacancies/unibank-merdekan-filiali-umumi-isler-uzre-mutexessis-107234,unknown
Marketing Menecer,https://www.jobsearch.az/vacancies/payonix-marketing-menecer-107163,unknown
Investment Analyst,https://www.jobsearch.az/vacancies/pasha-real-estate-investment-analyst-107179,unknown
Şagird qəbulu üzrə təcrübəçi,https://www.jobsearch.az/vacancies/landau-education-group-sagird-qebulu-uzre-tecrubeci-107212,unknown
Fiziki təhlükəsizlik və SƏTƏM bölməsinin mütəxəssisi,https://www.jobsearch.az/vacancies/azericard-fiziki-tehlukesizlik-ve-setem-bolmesinin-mutexessisi-107131,unknown
Resepsiyonist / Receptionist,https://www.jobsearch.az/vacancies/azerconnect-resepsiyonist-receptionist-107180,unknown
Anbardar köməkçisi,https://www.jobsearch.az/vacancies/xezer-deniz-service-mmc-anbardar-komekcisi-107127,unknown
Satınalma üzrə kiçik mütəxəssis,https://www.jobsearch.az/vacancies/agrarco-satinalma-uzre-kicik-mutexessis-107165,unknown
Korporativ satış üzrə kiçik mütəxəssis,https://www.jobsearch.az/vacancies/baku-electronics-korporativ-satis-uzre-kicik-mutexessis-107148,unknown
İnventar Planlama və Hesabat üzrə Ekspert / Inventory Planning and Reporting Expert,https://www.jobsearch.az/vacancies/azerconnect-inventar-planlama-ve-hesabat-uzre-ekspert-inventory-planning-and-reporting-expert-107178,unknown
Kassir,https://www.jobsearch.az/vacancies/improve-group-kassir-107042,unknown
Hüquq Departamentinin Rəhbəri,https://www.jobsearch.az/vacancies/bsc-group-huquq-departamentinin-rehberi-107146,unknown
Davamiyyətin izlənməsi üzrə koordinator,https://www.jobsearch.az/vacancies/fly-inn-baku-davamiyyetin-izlenmesi-uzre-koordinator-107123,unknown
Baş direktorun köməkçisi,https://www.jobsearch.az/vacancies/oven-food-bakery-bas-direktorun-komekcisi-107113,unknown
Şəxsi sürücü,https://www.jobsearch.az/vacancies/sos-media-az-sexsi-surucu-107169,unknown
Baş həkim,https://www.jobsearch.az/vacancies/tabia-group-bas-hekim-107186,unknown
Zəng Mərkəzi operatoru (call center),https://www.jobsearch.az/vacancies/west-hospital-zeng-merkezi-operatoru-call-center-107132,unknown
